filename,u,v,radius_px
frame_0000.png,939,865,116
frame_0001.png,1235,865,120
frame_0002.png,803,865,117
frame_0003.png,803,627,113
frame_0004.png,983,627,111
frame_0005.png,1182,627,114
frame_0006.png,1373,627,119
frame_0007.png,1288,609,93
frame_0008.png,1072,609,89
frame_0009.png,897,609,88
frame_0010.png,667,609,91
frame_0011.png,505,609,96
frame_0013.png,845,598,74
frame_0014.png,1183,598,76
frame_0015.png,1267,620,107
frame_0016.png,898,612,93
frame_0017.png,910,598,74
frame_0018.png,910,698,74
frame_0019.png,858,865,159
frame_0020.png,1007,865,158
frame_0021.png,1015,916,187
frame_0022.png,634,916,196
frame_0023.png,633,783,190
frame_0024.png,560,838,238
frame_0025.png,1129,837,227
frame_0026.png,1064,911,144
frame_0027.png,1023,764,84
frame_0028.png,286,701,115
